,Vendas,Lucro
count,100.0,100.0
mean,305.8458,100.6904
std,122.33405059801288,57.010630692526064
min,58.13,10.629999999999995
25%,207.38,59.29499999999997
50%,300.015,91.005
75%,412.1275,145.77500000000003
max,498.31,242.56999999999996
